{"cameraMode":{"drawMode":0,"name":"Shaded","section":"Shading Mode"},"sceneLighting":false,"audioPlay":false,"sceneViewState":{"m_AlwaysRefresh":false,"showFog":true,"showSkybox":false,"showFlares":true,"showImageEffects":true,"showParticleSystems":true,"showVisualEffectGraphs":true,"m_FxEnabled":true},"in2DMode":false,"pivot":{"x":-2.4549100399017336,"y":0.45481348037719729,"z":-0.9701889753341675},"rotation":{"x":-0.0028544659726321699,"y":0.9824316501617432,"z":-0.015040025115013123,"w":-0.18608900904655457},"size":1.6038368940353394,"orthographic":false}