{"cameraMode":{"drawMode":0,"name":"Shaded","section":"Shading Mode"},"sceneLighting":true,"audioPlay":false,"sceneViewState":{"m_AlwaysRefresh":false,"showFog":true,"showSkybox":true,"showFlares":true,"showImageEffects":true,"showParticleSystems":true,"showVisualEffectGraphs":true,"m_FxEnabled":true},"in2DMode":false,"pivot":{"x":-0.8208732008934021,"y":3.6536262035369875,"z":19.565032958984376},"rotation":{"x":-0.02130340225994587,"y":0.020093418657779695,"z":-0.00044268774217925966,"w":-0.9996054768562317},"size":9.239389419555664,"orthographic":false}